[
  {
    "model": "bookings.route",
    "pk": 1,
    "fields": {
      "origin": "Delhi",
      "destination": "Jaipur",
      "distance_km": 280
    }
  },
  {
    "model": "bookings.route",
    "pk": 2,
    "fields": {
      "origin": "Mumbai",
      "destination": "Pune",
      "distance_km": 150
    }
  },
  {
    "model": "bookings.route",
    "pk": 3,
    "fields": {
      "origin": "Chennai",
      "destination": "Bangalore",
      "distance_km": 350
    }
  },
  {
    "model": "bookings.bus",
    "pk": 1,
    "fields": {
      "name": "Volvo Express",
      "operator": "GreenLine Travels",
      "capacity": 40
    }
  },
  {
    "model": "bookings.bus",
    "pk": 2,
    "fields": {
      "name": "City Comfort",
      "operator": "BlueBird Tours",
      "capacity": 35
    }
  },
  {
    "model": "bookings.bus",
    "pk": 3,
    "fields": {
      "name": "Speedster",
      "operator": "RedRoad Buses",
      "capacity": 50
    }
  },
  {
    "model": "bookings.trip",
    "pk": 1,
    "fields": {
      "route": 1,
      "bus": 1,
      "date": "2025-10-10",
      "price": "799.00"
    }
  },
  {
    "model": "bookings.trip",
    "pk": 2,
    "fields": {
      "route": 2,
      "bus": 2,
      "date": "2025-10-11",
      "price": "499.00"
    }
  },
  {
    "model": "bookings.trip",
    "pk": 3,
    "fields": {
      "route": 3,
      "bus": 3,
      "date": "2025-10-12",
      "price": "999.00"
    }
  },
  {
    "model": "bookings.booking",
    "pk": 1,
    "fields": {
      "trip": 1,
      "name": "Ravi Kumar",
      "email": "ravi@example.com",
      "seats": 2
    }
  },
  {
    "model": "bookings.booking",
    "pk": 2,
    "fields": {
      "trip": 2,
      "name": "Priya Singh",
      "email": "priya@example.com",
      "seats": 1
    }
  }
]
